<?xml version="1.0" encoding="UTF-8"?>
<beans xmlns="http://www.springframework.org/schema/beans"
    xmlns:context="http://www.springframework.org/schema/context"
    xmlns:mvc="http://www.springframework.org/schema/mvc"
    xmlns:xsi="http://www.w3.org/2001/XMLSchema-instance"
    xmlns:webflow="http://www.springframework.org/schema/webflow-config"
    xsi:schemaLocation="
    
http://www.springframework.org/schema/beans
http://www.springframework.org/schema/beans/spring-beans.xsd
http://www.springframework.org/schema/context
http://www.springframework.org/schema/context/spring-context.xsd
http://www.springframework.org/schema/mvc
http://www.springframework.org/schema/mvc/spring-mvc.xsd
http://www.springframework.org/schema/webflow-config
http://www.springframework.org/schema/webflow-config/spring-webflow-config.xsd">

 
    
    
    <context:component-scan base-package="com.niit.Controller" />
     <mvc:annotation-driven />
     <mvc:resources location="/resources/" mapping="/resources/**"></mvc:resources>
    <bean class="org.springframework.web.servlet.view.InternalResourceViewResolver">
        <property name="prefix">
            <value>/WEB-INF/views/</value>
        </property>
        <property name="suffix">
            <value>.jsp</value>
        </property>
    </bean>
    <bean id="multipartResolver"
        class="org.springframework.web.multipart.commons.CommonsMultipartResolver">

    <!-- one of the properties available; the maximum file size in bytes -->
    <property name="maxUploadSize" value="100000000"/>
</bean>
    <webflow:flow-executor id="flowExecutor" flow-registry="flowRegistry" />

    <webflow:flow-registry id="flowRegistry" >
        <webflow:flow-location
   path="/WEB-INF/views/flow.xml" id="ind" />
    </webflow:flow-registry>

    <bean id="flowHandlerMapping"
class="org.springframework.webflow.mvc.servlet.FlowHandlerMapping">
        <property name="flowRegistry" ref="flowRegistry" />
    </bean>

    <bean id="flowHandlerAdapter"
class="org.springframework.webflow.mvc.servlet.FlowHandlerAdapter">
        <property name="flowExecutor" ref="flowExecutor" />
    </bean>
   
</beans>


