<?xml version="1.0" encoding="UTF-8"?> 
<beans:beans xmlns="http://www.springframework.org/schema/security"
	xmlns:beans="http://www.springframework.org/schema/beans" 
	xmlns:xsi="http://www.w3.org/2001/XMLSchema-instance"
	xsi:schemaLocation="http://www.springframework.org/schema/beans
	http://www.springframework.org/schema/beans/spring-beans.xsd
	http://www.springframework.org/schema/security
	http://www.springframework.org/schema/security/spring-security.xsd">  
 
 
    <!-- enable use-expressions -->
	<http auto-config="true" use-expressions="true">  
	 
	 	<intercept-url pattern="/Home" access="hasRole('ROLE_USER')" />
		
		<!-- access denied page -->
		<access-denied-handler error-page="/403" />
		
		<form-login 
		    login-page="/login" 
		    default-target-url="/Home" 
		    login-processing-url="/j_spring_security_check"
			authentication-failure-url="/login" 
			username-parameter="email"
			password-parameter="pass" />
		<logout logout-success-url="/login"  />
		<!-- enable csrf protection -->
		<csrf disabled="true"/>
	</http>
	
	<!-- Select users and user_roles from database -->
	<authentication-manager>
	  <authentication-provider>
		<jdbc-user-service data-source-ref="dataSource"
		  users-by-username-query=
		    "select email,pass, enable from RegModel where email=?"
		  authorities-by-username-query=
		    "select email, role from RegModel where email =?  " />
	  </authentication-provider>
	</authentication-manager>

</beans:beans>
